Date,Time,Accel_X,Accel_Y,Accel_Z,Acc_Magnitude,Jerk_Magnitude,Axial_x,Axial_y,Axial_z
15/7/2026,17:10:22,997.31,52.25,-192.87,1017.14,285.23,231.93,48.83,-158.69
15/7/2026,17:10:22,997.07,50.78,-189.94,1016.27,164.23,-12.2,-73.24,146.48
15/7/2026,17:10:22,992.43,52,-198.49,1013.42,489.96,-231.94,61.03,-427.25
15/7/2026,17:10:22,998.29,47.12,-196.04,1018.45,400.42,292.97,-244.14,122.07
15/7/2026,17:10:22,989.01,49.8,-191.41,1008.6,535.72,-463.87,134.28,231.93
15/7/2026,17:10:22,993.9,47.12,-197.27,1014.38,404.31,244.14,-134.28,-292.97
15/7/2026,17:10:22,994.87,47.61,-190.43,1014.05,346.13,48.83,24.41,341.8
15/7/2026,17:10:22,994.63,50.54,-197.51,1015.31,383.31,-12.2,146.48,-354
15/7/2026,17:10:22,996.83,48.1,-191.89,1016.27,325.27,109.86,-122.07,280.76
15/7/2026,17:10:22,995.85,53.47,-198.97,1016.94,447.02,-48.83,268.55,-354
15/7/2026,17:10:22,996.09,49.32,-192.38,1015.7,389.67,12.21,-207.52,329.59
15/7/2026,17:10:22,999.27,51.51,-182.86,1017.17,513.71,158.69,109.86,476.07
15/7/2026,17:10:22,994.87,51.27,-196.29,1015.35,706.53,-219.73,-12.21,-671.39
15/7/2026,17:10:22,998.05,55.66,-198.24,1019.07,288.1,158.69,219.73,-97.66
15/7/2026,17:10:22,994.87,52.73,-188.72,1013.99,522.77,-158.69,-146.48,476.07
15/7/2026,17:10:22,995.36,52.73,-197.02,1016.04,415.76,24.41,0,-415.04
15/7/2026,17:10:22,993.65,49.07,-196.29,1014.04,205.35,-85.45,-183.11,36.62
15/7/2026,17:10:22,994.14,52.98,-193.36,1014.15,245.36,24.41,195.31,146.48
15/7/2026,17:10:22,994.63,49.07,-200.68,1015.86,415.76,24.41,-195.31,-366.21
15/7/2026,17:10:22,995.12,51.51,-190.67,1014.53,515.74,24.41,122.07,500.49
15/7/2026,17:10:22,996.34,53.71,-197.27,1017.1,352.74,61.03,109.86,-329.59
15/7/2026,17:10:22,996.58,48.1,-198.73,1017.34,290.41,12.21,-280.76,-73.24
15/7/2026,17:10:22,992.68,47.85,-196.29,1013.03,230.65,-195.31,-12.21,122.07
15/7/2026,17:10:22,996.34,51.27,-187.74,1015.17,495.25,183.1,170.9,427.25
15/7/2026,17:10:22,996.34,47.12,-189.45,1015.28,224.42,0,-207.52,-85.45
15/7/2026,17:10:22,995.36,52.73,-195.07,1015.67,400.05,-48.83,280.76,-280.76
15/7/2026,17:10:22,994.63,50.05,-195.56,1014.91,141.31,-36.62,-134.28,-24.41
15/7/2026,17:10:23,994.14,49.07,-192.87,1013.87,144.95,-24.41,-48.83,134.28
15/7/2026,17:10:23,997.56,50.29,-192.14,1017.14,185.13,170.9,61.04,36.62
15/7/2026,17:10:23,997.8,48.1,-195.31,1017.88,193.4,12.2,-109.86,-158.69
15/7/2026,17:10:23,994.63,52.49,-193.6,1014.65,284.19,-158.69,219.73,85.45
15/7/2026,17:10:23,995.36,49.32,-189.45,1014.43,263.8,36.62,-158.69,207.52
15/7/2026,17:10:23,993.16,48.34,-198,1013.86,443.84,-109.86,-48.83,-427.25
15/7/2026,17:10:23,993.9,48.1,-198.24,1014.61,40.48,36.62,-12.21,-12.21
15/7/2026,17:10:23,996.83,45.17,-194.58,1016.64,276.48,146.48,-146.48,183.11
15/7/2026,17:10:23,992.19,52,-193.6,1012.24,415.93,-231.93,341.8,48.83
15/7/2026,17:10:23,997.31,47.36,-191.65,1016.67,359.22,256.34,-231.93,97.66
15/7/2026,17:10:23,994.87,53.96,-197.02,1015.63,442.33,-122.07,329.59,-268.55
15/7/2026,17:10:23,994.87,50.29,-190.67,1014.23,366.41,0,-183.11,317.38
15/7/2026,17:10:23,993.65,51.51,-193.85,1013.69,180.65,-61.03,61.04,-158.69
15/7/2026,17:10:23,997.8,53.96,-195.31,1018.17,251.65,207.52,122.07,-73.24
15/7/2026,17:10:23,994.87,48.34,-194.09,1014.78,322.51,-146.48,-280.76,61.04
15/7/2026,17:10:23,996.83,49.56,-192.87,1016.52,130.34,97.66,61.04,61.04
15/7/2026,17:10:23,996.09,51.27,-194.82,1016.26,134.83,-36.62,85.45,-97.66
15/7/2026,17:10:23,997.56,47.36,-195.8,1017.7,214.23,73.24,-195.31,-48.83
15/7/2026,17:10:23,997.8,51.51,-197.27,1018.42,220.4,12.2,207.52,-73.24
15/7/2026,17:10:23,993.65,52.25,-188.23,1012.67,498.4,-207.52,36.62,451.66
15/7/2026,17:10:23,993.9,49.8,-195.31,1014.13,374.66,12.2,-122.07,-354
15/7/2026,17:10:23,996.58,50.54,-190.67,1015.92,270.49,134.28,36.62,231.93
15/7/2026,17:10:23,994.38,49.8,-193.36,1014.23,177.32,-109.87,-36.62,-134.28
15/7/2026,17:10:23,994.14,51.03,-195.31,1014.43,115.81,-12.2,61.04,-97.66
15/7/2026,17:10:23,996.34,51.27,-189.45,1015.49,313.13,109.86,12.21,292.97
15/7/2026,17:10:23,995.85,50.29,-191.65,1015.37,122.68,-24.41,-48.83,-109.86
15/7/2026,17:10:23,994.63,48.1,-188.96,1013.56,183.92,-61.03,-109.86,134.28
15/7/2026,17:10:23,993.65,54.2,-197.02,1014.45,507.73,-48.83,305.18,-402.83
15/7/2026,17:10:23,993.65,52,-199.71,1014.86,173.49,0,-109.86,-134.28
15/7/2026,17:10:23,997.31,50.29,-188.96,1016.3,573.86,183.1,-85.45,537.11
15/7/2026,17:10:23,994.87,48.58,-193.36,1014.65,265.49,-122.07,-85.45,-219.73
15/7/2026,17:10:23,994.63,47.12,-190.92,1013.88,142.88,-12.2,-73.24,122.07
15/7/2026,17:10:23,995.85,49.07,-196.29,1016.2,292.2,61.03,97.66,-268.55
15/7/2026,17:10:23,995.61,51.03,-192.63,1015.35,207.88,-12.2,97.66,183.11
15/7/2026,17:10:23,995.61,49.07,-192.38,1015.21,98.42,0,-97.66,12.21
15/7/2026,17:10:23,997.07,46.88,-198.49,1017.71,332.52,73.24,-109.86,-305.18
15/7/2026,17:10:23,997.8,52.73,-189.45,1017,539.6,36.62,292.97,451.66
15/7/2026,17:10:23,997.31,50.29,-189.7,1016.44,125.08,-24.41,-122.07,-12.21
15/7/2026,17:10:23,994.14,46.39,-200.2,1015.16,582.11,-158.69,-195.31,-524.9
15/7/2026,17:10:23,995.61,48.34,-191.65,1015.04,444.34,73.24,97.66,427.25
15/7/2026,17:10:23,992.68,50.29,-190.67,1012.07,182.7,-146.48,97.66,48.83
15/7/2026,17:10:23,996.83,48.58,-196.53,1017.18,369.05,207.52,-85.45,-292.97
15/7/2026,17:10:23,999.51,47.61,-189.45,1018.42,381.75,134.28,-48.83,354
15/7/2026,17:10:23,995.36,50.78,-189.21,1014.46,261.53,-207.52,158.69,12.21
15/7/2026,17:10:23,998.54,47.85,-192.63,1018.07,275.4,158.69,-146.48,-170.9
15/7/2026,17:10:23,997.8,52.98,-196.78,1018.4,331.84,-36.62,256.35,-207.52
15/7/2026,17:10:23,994.87,52.25,-190.67,1014.33,340.49,-146.48,-36.62,305.18
15/7/2026,17:10:23,994.63,53.47,-190.43,1014.1,63.43,-12.2,61.04,12.21
15/7/2026,17:10:23,997.8,47.12,-198,1018.35,518.76,158.69,-317.38,-378.42
15/7/2026,17:10:23,997.07,53.96,-194.09,1017.22,395.36,-36.62,341.8,195.31
15/7/2026,17:10:23,997.31,48.58,-194.34,1017.23,269.11,12.2,-268.55,-12.21
15/7/2026,17:10:24,994.63,53.22,-190.43,1014.09,331.62,-134.27,231.93,195.31
15/7/2026,17:10:24,998.29,50.54,-192.63,1017.96,252.24,183.1,-134.28,-109.86
15/7/2026,17:10:24,997.56,55.91,-195.31,1018.04,302.48,-36.62,268.55,-134.28
15/7/2026,17:10:24,993.65,51.03,-189.21,1012.79,436.9,-195.31,-244.14,305.18
15/7/2026,17:10:24,996.09,50.78,-194.09,1016.1,273.23,122.07,-12.21,-244.14
15/7/2026,17:10:24,995.36,52.49,-194.58,1015.56,96.12,-36.62,85.45,-24.41
15/7/2026,17:10:24,994.14,51.76,-190.19,1013.49,230.97,-61.03,-36.62,219.73
15/7/2026,17:10:24,996.58,47.12,-195.31,1016.63,366.62,122.07,-231.93,-256.35
15/7/2026,17:10:24,994.63,47.85,-191.89,1014.1,200.21,-97.66,36.62,170.9
15/7/2026,17:10:24,994.14,51.03,-190.19,1013.45,181.88,-24.41,158.69,85.45
15/7/2026,17:10:24,994.38,52,-189.45,1013.61,62.24,12.2,48.83,36.62
15/7/2026,17:10:24,994.38,50.29,-195.56,1014.68,316.91,0,-85.45,-305.18
15/7/2026,17:10:24,1000.98,50.78,-196.04,1021.26,331.4,329.59,24.41,-24.41
15/7/2026,17:10:24,996.09,53.22,-192.38,1015.9,328.68,-244.14,122.07,183.11
15/7/2026,17:10:24,994.87,46.88,-195.31,1014.95,354.85,-61.04,-317.38,-146.48
15/7/2026,17:10:24,990.23,51.27,-190.67,1009.73,394.8,-231.93,219.73,231.93
15/7/2026,17:10:24,997.56,48.58,-193.6,1017.33,416.65,366.21,-134.28,-146.48
15/7/2026,17:10:24,995.36,49.07,-202.15,1016.87,441.82,-109.87,24.41,-427.25
15/7/2026,17:10:24,994.14,51.03,-190.43,1013.5,597.15,-61.03,97.66,585.94
15/7/2026,17:10:24,992.92,52.98,-190.43,1012.4,115.16,-61.04,97.66,0
15/7/2026,17:10:24,996.58,52.25,-200.68,1017.93,545.64,183.11,-36.62,-512.7
15/7/2026,17:10:24,992.68,51.03,-198.73,1013.66,226.74,-195.31,-61.03,97.66
15/7/2026,17:10:24,994.38,51.76,-195.31,1014.71,194.55,85.45,36.62,170.9
15/7/2026,17:10:24,998.29,50.54,-197.02,1018.8,221.75,195.31,-61.04,-85.45
15/7/2026,17:10:24,996.09,48.58,-195.07,1016.18,176.47,-109.86,-97.66,97.66
15/7/2026,17:10:24,994.63,49.8,-188.96,1013.64,319.72,-73.24,61.04,305.18
15/7/2026,17:10:24,997.56,49.8,-194.82,1017.62,327.55,146.48,0,-292.97
15/7/2026,17:10:24,999.76,51.51,-190.43,1019.03,260.1,109.86,85.45,219.73
15/7/2026,17:10:24,995.61,50.29,-195.8,1015.92,344.83,-207.52,-61.04,-268.55
15/7/2026,17:10:24,996.34,50.05,-188.72,1015.29,356.1,36.62,-12.21,354
15/7/2026,17:10:24,833.74,-520.51,74.95,985.73,32461.35,-8129.88,-28527.83,13183.59
15/7/2026,17:10:24,947.27,582.28,-13.18,1111.99,55605.45,5676.27,55139.16,-4406.74
15/7/2026,17:10:24,1489.26,319.58,-510.01,1606.28,39038.46,27099.61,-13134.77,-24841.31
15/7/2026,17:10:24,889.89,170.9,-213.38,930.94,34254.01,-29968.27,-7434.08,14831.54
15/7/2026,17:10:24,847.17,236.08,-215.58,905.48,3898.52,-2136.23,3259.28,-109.86
15/7/2026,17:10:24,908.45,-34.91,-187.99,928.35,13960.22,3063.97,-13549.8,1379.4
15/7/2026,17:10:24,1047.12,256.35,-458.74,1171.59,21057.58,6933.59,14562.99,-13537.6
15/7/2026,17:10:24,968.75,47.85,-226.81,996.1,16078.36,-3918.45,-10424.8,11596.68
15/7/2026,17:10:24,948.97,49.56,-196.53,970.38,1810.02,-988.77,85.45,1513.67
15/7/2026,17:10:24,957.76,73.24,-212.16,983.71,1485.1,439.45,1184.08,-781.25
15/7/2026,17:10:24,975.83,65.67,-222.66,1003.06,1111.18,903.32,-378.42,-524.9
15/7/2026,17:10:24,995.36,102.05,-232.67,1027.27,2124.23,976.56,1818.85,-500.49
15/7/2026,17:10:24,1009.77,-22.71,-135.25,1019.04,7946.8,720.22,-6237.79,4870.6
15/7/2026,17:10:24,1088.38,225.59,-289.31,1148.55,15129.5,3930.66,12414.55,-7702.64
15/7/2026,17:10:24,906.98,-38.57,-220.21,934.13,16390.46,-9069.82,-13208.01,3454.59
15/7/2026,17:10:24,1106.93,127.44,-241.21,1140.06,13036.72,9997.56,8300.78,-1049.81
15/7/2026,17:10:24,961.43,99.37,-208.25,988.73,7590.63,-7275.39,-1403.81,1647.95
15/7/2026,17:10:24,886.72,70.8,-169.68,905.58,4439.89,-3735.35,-1428.22,1928.71
15/7/2026,17:10:24,1342.29,152.34,-298.58,1383.51,24021.18,22778.32,4077.15,-6445.31
15/7/2026,17:10:25,802.25,129.39,-116.21,820.88,28523.18,-27001.95,-1147.46,9118.65
15/7/2026,17:10:25,1151.86,144.78,-341.06,1209.98,20797.98,17480.47,769.04,-11242.68
15/7/2026,17:10:25,988.77,109.37,-185.79,1012,11397.37,-8154.3,-1770.02,7763.67
15/7/2026,17:10:25,958.01,87.89,-137.45,971.8,3059.66,-1538.08,-1074.22,2416.99
15/7/2026,17:10:25,1343.51,285.16,-250.98,1396.18,22383.61,19274.9,9863.28,-5676.27
15/7/2026,17:10:25,1098.14,55.91,-409.67,1173.4,18570.13,-12268.07,-11462.4,-7934.57
15/7/2026,17:10:25,1368.41,374.02,-437.26,1484.46,20916.55,13513.18,15905.76,-1379.39
15/7/2026,17:10:25,987.06,-95.95,-190.67,1009.88,32676.49,-19067.39,-23498.54,12329.1
15/7/2026,17:10:25,1300.29,285.16,-394.04,1388.29,26679.27,15661.62,19055.18,-10168.46
15/7/2026,17:10:25,1019.04,148.93,-418.21,1111.54,15671.99,-14062.5,-6811.52,-1208.49
15/7/2026,17:10:25,1496.34,-189.45,-288.33,1535.6,29965.82,23864.75,-16918.95,6494.14
15/7/2026,17:10:25,604.98,194.82,-69.34,639.35,49753.03,-44567.87,19213.87,10949.71
15/7/2026,17:10:25,1618.65,350.1,-11.47,1656.12,51356.32,50683.59,7763.67,2893.07
15/7/2026,17:10:25,293.21,-2000,-154.05,2027.24,135093.28,-66271.98,-117504.88,-7128.91
15/7/2026,17:10:25,169.92,757.32,717.29,1056.84,144717.55,-6164.55,137866.22,43566.89
15/7/2026,17:10:25,990.48,-188.48,306.15,1053.71,65895.41,41027.83,-47290.04,-20556.64
15/7/2026,17:10:25,541.26,24.17,679.93,869.4,31093.69,-22460.94,10632.32,18688.96
15/7/2026,17:10:25,715.58,152.83,548.58,914.52,12668.1,8715.82,6433.11,-6567.38
15/7/2026,17:10:25,1204.83,200.44,467.53,1307.82,24910.32,24462.89,2380.37,-4052.74
15/7/2026,17:10:25,1063.72,348.14,424.56,1197.06,10437.44,-7055.66,7385.25,-2148.44
15/7/2026,17:10:25,365.48,42.72,585.69,691.69,38948.28,-34912.11,-15271,8056.64
15/7/2026,17:10:25,-155.76,-509.77,1021.48,1152.19,43785,-26062.01,-27624.51,21789.55
15/7/2026,17:10:25,202.15,-197.02,842.29,888.33,25397.88,17895.51,15637.21,-8959.96
15/7/2026,17:10:25,776.37,166.99,786.62,1117.77,34107.61,28710.94,18200.68,-2783.2
15/7/2026,17:10:25,685.3,104.49,807.62,1064.33,5621.35,-4553.22,-3125,1049.8
15/7/2026,17:10:25,355.96,-230.96,1029.79,1113.78,25997.76,-16467.29,-16772.46,11108.4
15/7/2026,17:10:25,611.57,-4.64,808.11,1013.45,20353.2,12780.76,11315.92,-11083.98
15/7/2026,17:10:25,500.73,-30.52,820.56,961.76,5724.99,-5541.99,-1293.95,622.56
15/7/2026,17:10:25,328.37,-197.75,886.72,966.02,12455.37,-8618.16,-8361.82,3308.11
15/7/2026,17:10:25,466.31,-109.62,921.39,1038.47,8366.14,6896.97,4406.74,1733.4
15/7/2026,17:10:25,512.94,-122.56,890.62,1035.06,2867.12,2331.54,-646.97,-1538.09
15/7/2026,17:10:25,403.81,-66.89,881.35,971.76,6142.9,-5456.54,2783.2,-463.87
15/7/2026,17:10:25,555.91,-21.97,853.52,1018.83,8050.91,7604.98,2246.09,-1391.6
15/7/2026,17:10:25,464.84,-54.44,906.25,1019.97,5506.36,-4553.22,-1623.54,2636.72
15/7/2026,17:10:25,468.51,-75.68,906.74,1023.43,1077.96,183.1,-1062.01,24.41
15/7/2026,17:10:25,513.18,-89.36,880.13,1022.72,2688.49,2233.89,-683.59,-1330.57
15/7/2026,17:10:25,414.79,-127.93,910.89,1009.03,5503.31,-4919.43,-1928.71,1538.09
15/7/2026,17:10:25,572.75,-72.02,865.72,1040.53,8677.09,7897.95,2795.41,-2258.3
15/7/2026,17:10:25,558.59,18.07,884.03,1045.88,4650.7,-708.01,4504.39,915.52
15/7/2026,17:10:25,521.97,-34.91,899.9,1040.91,3316.5,-1831.05,-2648.93,793.46
15/7/2026,17:10:25,617.92,-7.81,838.13,1041.32,5864.19,4797.36,1354.98,-3088.38
15/7/2026,17:10:25,456.05,-64.21,905.52,1015.91,9208.88,-8093.26,-2819.82,3369.14
15/7/2026,17:10:25,540.77,-25.15,868.9,1023.74,5010.97,4235.84,1953.13,-1831.06
15/7/2026,17:10:25,557.62,-15.63,837.16,1005.99,1858.6,842.29,476.07,-1586.91
15/7/2026,17:10:25,388.18,-88.13,921.14,1003.47,10126.55,-8471.68,-3625.49,4199.22
15/7/2026,17:10:25,522.22,-60.79,907.96,1049.19,6871.39,6701.66,1367.19,-659.18
15/7/2026,17:10:25,774.17,14.89,816.65,1125.38,13923.51,12597.66,3784.18,-4565.43
15/7/2026,17:10:25,607.42,71.78,841.8,1040.55,8898.47,-8337.4,2844.24,1257.32
15/7/2026,17:10:25,531.98,-45.65,850.59,1004.28,6992.59,-3771.97,-5871.58,439.46
15/7/2026,17:10:25,538.33,-57.13,829.35,990.39,1248.11,317.38,-573.73,-1062.01
15/7/2026,17:10:26,415.53,-110.35,900.88,998.21,7587.85,-6140.14,-2661.13,3576.66
15/7/2026,17:10:26,570.56,3.42,840.09,1015.53,10083.79,7751.47,5688.48,-3039.55
15/7/2026,17:10:26,714.84,70.31,798.34,1073.91,8221.4,7214.36,3344.73,-2087.4
15/7/2026,17:10:26,596.44,11.72,887.21,1069.12,7961.02,-5920.41,-2929.69,4443.36
15/7/2026,17:10:26,543.95,-27.83,881.59,1036.27,3298.11,-2624.51,-1977.54,-280.76
15/7/2026,17:10:26,564.45,-5.13,832.52,1005.84,2891.44,1025.39,1135.25,-2453.61
15/7/2026,17:10:26,631.84,3.91,848.14,1057.63,3487.9,3369.14,451.66,781.25
15/7/2026,17:10:26,629.64,47.36,846.19,1055.81,2177.82,-109.86,2172.85,-97.66
15/7/2026,17:10:26,618.9,23.44,831.54,1036.84,1502.01,-537.11,-1196.29,-732.42
15/7/2026,17:10:26,575.2,-17.33,871.09,1044.01,3583.43,-2185.06,-2038.57,1977.54
15/7/2026,17:10:26,590.09,2.93,822.51,1012.29,2735.33,744.63,1013.18,-2429.2
15/7/2026,17:10:26,495.12,-35.89,875,1006.01,5762.27,-4748.54,-1940.92,2624.51
15/7/2026,17:10:26,555.66,-16.11,875.98,1037.48,3185.1,3027.34,988.77,48.83
15/7/2026,17:10:26,632.08,8.79,831.3,1044.35,4597.73,3820.8,1245.12,-2233.89
15/7/2026,17:10:26,596.92,3.91,829.59,1022.03,1776.74,-1757.81,-244.14,-85.45
15/7/2026,17:10:26,549.56,-26.37,833.01,998.31,2815.78,-2368.16,-1513.67,170.9
15/7/2026,17:10:26,607.42,64.45,862.3,1056.73,5580,2893.07,4541.02,1464.85
15/7/2026,17:10:26,733.4,101.56,802.49,1091.87,7215.43,6298.83,1855.47,-2990.73
15/7/2026,17:10:26,685.3,35.89,808.35,1060.36,4080.62,-2404.79,-3283.69,292.97
15/7/2026,17:10:26,560.55,-9.52,849.37,1017.71,6947.73,-6237.79,-2270.51,2050.78
15/7/2026,17:10:26,577.88,-13.43,831.3,1012.51,1267.01,866.7,-195.31,-903.32
15/7/2026,17:10:26,519.29,-41.02,870.36,1014.33,3781.6,-2929.69,-1379.39,1953.13
15/7/2026,17:10:26,581.54,-48.34,828.37,1013.27,3772.53,3112.79,-366.21,-2099.61
15/7/2026,17:10:26,602.05,1.95,832.28,1027.21,2722.69,1025.39,2514.65,195.31
15/7/2026,17:10:26,730.71,82.76,802.98,1088.84,7736.7,6433.11,4040.53,-1464.84
15/7/2026,17:10:26,653.81,53.96,824.71,1053.81,4247.45,-3845.21,-1440.43,1086.43
15/7/2026,17:10:26,523.44,-32.71,848.14,997.2,7914.8,-6518.55,-4333.5,1171.87
15/7/2026,17:10:26,535.16,-47.36,840.09,997.19,1020.8,585.94,-732.42,-402.83
15/7/2026,17:10:26,550.05,-40.04,854,1016.6,1082.92,744.63,366.21,695.8
15/7/2026,17:10:26,602.78,18.55,837.4,1031.96,4027.95,2636.72,2929.69,-830.08
15/7/2026,17:10:26,596.44,22.46,863.53,1049.72,1358.28,-317.38,195.31,1306.16
15/7/2026,17:10:26,590.09,7.81,846.19,1031.65,1178.28,-317.38,-732.42,-866.7
15/7/2026,17:10:26,586.43,-3.42,842.29,1026.33,622.08,-183.11,-561.52,-195.31
15/7/2026,17:10:26,536.62,-40.53,853.27,1008.8,3153.69,-2490.23,-1855.47,549.32
15/7/2026,17:10:26,480.47,-76.42,860.11,988.17,3349.56,-2807.62,-1794.43,341.8
15/7/2026,17:10:26,634.52,39.31,859.62,1069.16,9633.82,7702.64,5786.13,-24.41
15/7/2026,17:10:26,648.68,20.02,846.44,1066.6,1365.93,708.01,-964.36,-659.18
15/7/2026,17:10:26,512.94,-47.61,868.9,1010.13,7665.48,-6787.11,-3381.35,1123.05
15/7/2026,17:10:26,710.45,32.71,791.5,1064.09,11341.45,9875.49,4016.11,-3869.63
15/7/2026,17:10:26,614.99,8.3,831.3,1034.09,5313.21,-4772.95,-1220.7,1989.75
15/7/2026,17:10:26,545.9,-43.95,861.08,1020.49,4579.98,-3454.59,-2612.3,1489.26
15/7/2026,17:10:26,560.55,-27.83,851.81,1020.08,1183.52,732.42,805.66,-463.87
15/7/2026,17:10:26,548.1,-49.56,856.2,1017.81,1271.29,-622.56,-1086.43,219.73
15/7/2026,17:10:26,610.6,7.08,842.77,1040.74,4270.46,3125,2832.03,-671.39
15/7/2026,17:10:26,656.98,28.81,825.93,1055.75,2696.12,2319.34,1086.43,-842.28
15/7/2026,17:10:26,606.45,4.15,840.58,1036.51,2905.43,-2526.86,-1232.91,732.42
15/7/2026,17:10:26,554.93,-31.49,867.19,1030.03,3403.07,-2575.68,-1782.23,1330.57
15/7/2026,17:10:26,504.64,-57.13,849.61,989.83,2956.15,-2514.65,-1281.74,-878.91
15/7/2026,17:10:26,533.45,-56.88,851.07,1006.05,1442.34,1440.43,12.21,73.25
15/7/2026,17:10:26,636.72,3.42,832.76,1048.29,6049.11,5163.57,3015.14,-915.53
15/7/2026,17:10:27,663.33,66.89,844.97,1076.32,3495.16,1330.57,3173.83,610.35
15/7/2026,17:10:27,631.59,4.15,813.72,1030.08,3847.31,-1586.91,-3137.21,-1562.5
15/7/2026,17:10:27,482.42,-55.91,833.74,964.87,8102.39,-7458.49,-3002.93,1000.98
15/7/2026,17:10:27,480.47,-85.69,894.53,1019.01,3386.19,-97.66,-1489.26,3039.55
15/7/2026,17:10:27,656.01,12.7,830.32,1058.27,10561.3,8776.85,4919.43,-3210.45
15/7/2026,17:10:27,606.69,2.44,845.46,1040.61,2629.81,-2465.82,-512.7,756.84
15/7/2026,17:10:27,617.68,24.66,848.39,1049.71,1247.87,549.32,1110.84,146.48
15/7/2026,17:10:27,646,-2.2,824.22,1047.21,2295.34,1416.02,-1342.77,-1208.5
15/7/2026,17:10:27,516.6,-37.35,863.04,1006.53,6979.57,-6469.73,-1757.81,1940.92
15/7/2026,17:10:27,579.83,-36.38,833.98,1016.4,3479.71,3161.62,48.83,-1452.64
15/7/2026,17:10:27,584.72,-10.74,848.63,1030.62,1496.3,244.14,1281.74,732.42
15/7/2026,17:10:27,630.86,-5.13,827.39,1040.48,2555.3,2307.13,280.76,-1062.01
15/7/2026,17:10:27,555.18,-28.81,844.24,1010.84,4053.58,-3784.18,-1184.08,842.28
15/7/2026,17:10:27,556.88,-30.03,831.54,1001.24,643.39,85.45,-61.04,-634.77
15/7/2026,17:10:27,554.93,-35.4,861.33,1025.23,1516.43,-97.66,-268.55,1489.26
15/7/2026,17:10:27,581.54,-13.92,877.69,1052.96,1895.59,1330.57,1074.22,817.87
15/7/2026,17:10:27,692.38,74.71,832.52,1085.39,7446.39,5541.99,4431.15,-2258.3
15/7/2026,17:10:27,674.56,38.33,807.86,1053.16,2371.15,-891.11,-1818.85,-1232.91
15/7/2026,17:10:27,521.73,-50.54,844.73,994.14,9029.68,-7641.6,-4443.36,1843.26
15/7/2026,17:10:27,534.67,-77.39,840.33,999.01,1506.62,646.97,-1342.77,-219.73
15/7/2026,17:10:27,486.57,-66.41,865.48,995.1,2768.68,-2404.79,549.32,1257.33
15/7/2026,17:10:27,569.09,-54.44,826.66,1005.09,4598.76,4125.98,598.14,-1940.92
15/7/2026,17:10:27,597.66,-13.67,843.26,1033.67,2623.86,1428.22,2038.57,830.08
15/7/2026,17:10:27,627.93,5.37,843.26,1051.39,1788.24,1513.67,952.15,0
15/7/2026,17:10:27,687.01,77.15,836.91,1085.52,4659.12,2954.1,3588.87,-317.38
15/7/2026,17:10:27,628.91,-14.65,812.26,1027.37,5570.22,-2905.27,-4589.84,-1232.91
15/7/2026,17:10:27,503.66,-70.56,867.92,1005.95,7401.07,-6262.21,-2795.41,2783.2
15/7/2026,17:10:27,568.6,-65.67,839.36,1015.94,3555.69,3247.07,244.14,-1428.23
15/7/2026,17:10:27,543.95,-44.43,850.1,1010.21,1713.6,-1232.91,1062.01,537.12
15/7/2026,17:10:27,617.92,0,845.46,1047.2,4320.91,3698.73,2221.68,-231.94
15/7/2026,17:10:27,617.43,-0.24,845.46,1046.91,27.3,-24.41,-12.21,0
15/7/2026,17:10:27,583.01,-19.78,849.37,1030.39,1988.55,-1721.19,-976.56,195.31
15/7/2026,17:10:27,548.34,-44.19,843.26,1006.84,2141.94,-1733.4,-1220.7,-305.18
15/7/2026,17:10:27,540.28,-58.11,861.33,1018.41,1209.3,-402.83,-695.8,903.33
15/7/2026,17:10:27,557.62,-50.78,847.9,1016.1,1155.87,866.7,366.21,-671.39
15/7/2026,17:10:27,590.82,0.24,851.81,1036.65,3050.12,1660.16,2551.27,195.31
15/7/2026,17:10:27,647.71,23.93,830.32,1053.34,3262.77,2844.24,1184.08,-1074.22
15/7/2026,17:10:27,579.83,-8.79,851.56,1030.26,3914.04,-3393.55,-1635.74,1062.01
15/7/2026,17:10:27,550.54,-33.69,859.13,1020.95,1959.41,-1464.84,-1245.12,378.41
15/7/2026,17:10:27,558.59,-36.38,855.22,1022.13,467.39,402.83,-134.28,-195.31
15/7/2026,17:10:27,609.86,-13.18,840.33,1038.4,2910.45,2563.48,1159.67,-744.63
15/7/2026,17:10:27,614.01,6.84,833.25,1035.07,1081.82,207.52,1000.98,-354
15/7/2026,17:10:27,584.96,-23.44,837.16,1021.55,2107.01,-1452.64,-1513.67,195.31
15/7/2026,17:10:27,578.12,-10.99,846.68,1025.29,855.01,-341.8,622.56,476.07
15/7/2026,17:10:27,596.44,14.16,846.92,1035.96,1555.38,915.53,1257.32,12.21
15/7/2026,17:10:27,688.23,32.96,816.41,1068.3,4927.32,4589.84,939.94,-1525.88
15/7/2026,17:10:27,592.53,-22.22,835.45,1024.48,5604.93,-4785.16,-2758.79,952.15
15/7/2026,17:10:27,475.83,-96.68,866.94,993.66,7098.47,-5834.96,-3723.14,1574.71
15/7/2026,17:10:27,567.38,-45.9,841.06,1015.59,5392.21,4577.64,2539.06,-1293.95
15/7/2026,17:10:27,548.58,-53.71,852.54,1015.21,1168.44,-939.94,-390.63,573.73
15/7/2026,17:10:28,564.21,-17.82,852.05,1022.08,1957.28,781.25,1794.43,-24.41
15/7/2026,17:10:28,618.41,5.37,836.43,1040.22,3049.44,2709.96,1159.67,-781.26
15/7/2026,17:10:28,586.91,-18.07,852.78,1035.39,2126.48,-1574.71,-1171.88,817.87
15/7/2026,17:10:28,556.15,-45.17,841.06,1009.32,2131.9,-1538.09,-1354.98,-585.94
15/7/2026,17:10:28,562.01,-36.13,847.66,1017.69,631.23,292.97,451.66,329.59
15/7/2026,17:10:28,602.54,-16.85,843.26,1036.55,2254.87,2026.37,964.36,-219.73
15/7/2026,17:10:28,628.91,-4.39,854.49,1060.99,1562.36,1318.36,622.56,561.53
15/7/2026,17:10:28,578.12,-0.24,860.11,1036.35,2562.95,-2539.06,207.52,280.76
15/7/2026,17:10:28,592.29,-17.09,835.94,1024.64,1634.38,708.01,-842.29,-1208.5
15/7/2026,17:10:28,560.06,-38.33,854,1021.99,2130.79,-1611.33,-1062.01,903.33
15/7/2026,17:10:28,580.57,-7.57,846.44,1026.43,1886.89,1025.39,1538.09,-378.42
15/7/2026,17:10:28,548.34,-12.45,815.19,982.53,2257.74,-1611.33,-244.14,-1562.5
15/7/2026,17:10:28,542.24,-73.97,890.87,1045.53,4886.3,-305.18,-3076.17,3784.18
15/7/2026,17:10:28,649.17,-20.02,847.9,1068.06,6362.44,5346.68,2697.75,-2148.43
15/7/2026,17:10:28,574.46,-30.76,848.63,1025.25,3773.95,-3735.35,-537.11,36.62
15/7/2026,17:10:28,555.18,-57.86,857.67,1023.31,1723.36,-964.36,-1354.98,451.66
15/7/2026,17:10:28,575.68,-55.42,841.06,1020.72,1324.9,1025.39,122.07,-830.08
15/7/2026,17:10:28,583.5,-16.36,857.91,1037.66,2162.58,390.62,1953.13,842.29
15/7/2026,17:10:28,632.32,-8.79,822.51,1037.51,3039.18,2441.41,378.42,-1770.02
15/7/2026,17:10:28,580.81,-27.83,844.97,1025.71,2966.81,-2575.68,-952.15,1123.05
15/7/2026,17:10:28,570.56,-47.12,851.81,1026.32,1144.41,-512.7,-964.36,341.8
15/7/2026,17:10:28,575.68,-45.9,848.39,1026.3,314.08,256.35,61.04,-170.9
15/7/2026,17:10:28,580.57,-31.49,847.66,1027.9,761.35,244.14,720.21,-36.62
15/7/2026,17:10:28,623.29,-7.81,832.76,1040.22,2553.43,2136.23,1184.08,-744.63
15/7/2026,17:10:28,574.71,-37.84,847.66,1024.81,2951.25,-2429.2,-1501.46,744.63
15/7/2026,17:10:28,553.96,-41.02,861.33,1024.91,1252.64,-1037.6,-158.69,683.6
15/7/2026,17:10:28,607.18,-21.48,842.77,1038.94,2982.62,2661.13,976.56,-927.74
15/7/2026,17:10:28,605.47,-2.2,854.98,1047.66,1144.47,-85.45,964.36,610.36
15/7/2026,17:10:28,657.47,17.09,837.65,1064.99,2905.45,2600.1,964.36,-866.7
15/7/2026,17:10:28,573.97,-54.2,840.82,1019.49,5491.77,-4174.8,-3564.45,158.69
15/7/2026,17:10:28,477.54,-104.49,867.92,996.12,5604.37,-4821.78,-2514.65,1354.98
15/7/2026,17:10:28,561.52,-82.52,842.04,1015.46,4529.32,4199.22,1098.63,-1293.95
15/7/2026,17:10:28,576.66,-38.82,845.46,1024.13,2318.73,756.84,2185.06,170.9
15/7/2026,17:10:28,604,-10.25,852.54,1044.87,2008.57,1367.19,1428.22,354.01
15/7/2026,17:10:28,567.87,-31.49,856.2,1027.89,2103.65,-1806.64,-1062.01,183.1
15/7/2026,17:10:28,521.48,-22.71,864.75,1010.07,2398.95,-2319.34,439.45,427.25
15/7/2026,17:10:28,620.85,26.37,843.99,1048.08,5637.42,4968.26,2453.61,-1037.6
15/7/2026,17:10:28,534.67,-34.91,861.08,1014.18,5355.95,-4309.08,-3063.96,854.49
15/7/2026,17:10:28,599.12,-28.81,841.31,1033.24,3384.72,3222.66,305.18,-988.77
15/7/2026,17:10:28,573.73,-9.77,863.28,1036.59,1930.1,-1269.53,952.15,1098.64
15/7/2026,17:10:28,608.15,-18.31,845.21,1041.43,1990.24,1721.19,-427.25,-903.33
15/7/2026,17:10:28,581.3,-36.13,839.6,1021.83,1635.83,-1342.77,-891.11,-280.76
15/7/2026,17:10:28,572.51,-43.95,851.56,1027.06,838.74,-439.45,-390.62,598.15
15/7/2026,17:10:28,655.03,-3.17,824.95,1053.38,4790.6,4125.98,2038.57,-1330.57
15/7/2026,17:10:28,622.07,9.28,826.42,1034.42,1763.15,-1647.95,622.56,73.24
15/7/2026,17:10:28,578.12,-45.65,856.2,1034.11,3819.63,-2197.27,-2746.58,1489.26
15/7/2026,17:10:28,544.19,-78.37,855.47,1016.91,2357.13,-1696.78,-1635.74,-36.62
15/7/2026,17:10:28,541.99,-61.04,867.92,1025.07,1072.76,-109.86,866.7,622.56
15/7/2026,17:10:28,619.87,-31.74,827.39,1034.33,4627.69,3894.04,1464.84,-2026.37
15/7/2026,17:10:28,600.1,-43.21,832.76,1027.37,1174.29,-988.77,-573.73,268.55
15/7/2026,17:10:29,551.76,-31.25,869.87,1030.58,3105.22,-2416.99,598.14,1855.47
15/7/2026,17:10:29,637.94,-29.3,826.9,1044.79,4815.96,4309.08,97.66,-2148.44
15/7/2026,17:10:29,520.26,-35.89,853.52,1000.23,6041.36,-5883.79,-329.59,1330.57
15/7/2026,17:10:29,625.73,-17.82,813.48,1026.45,5712.53,5273.44,903.32,-2001.96
15/7/2026,17:10:29,583.74,-41.26,847.66,1030.04,2949.96,-2099.61,-1171.88,1708.98
15/7/2026,17:10:29,590.58,-45.65,858.4,1042.93,673.5,341.8,-219.73,537.12
15/7/2026,17:10:29,591.31,-22.71,830.08,1019.41,1822.94,36.62,1147.46,-1416.02
15/7/2026,17:10:29,612.55,52.73,810.06,1016.95,4044.45,1062.01,3771.97,-1000.98
15/7/2026,17:10:29,607.67,-68.85,862.3,1057.15,6621.12,-244.14,-6079.1,2612.31
15/7/2026,17:10:29,629.39,-22.22,838.62,1048.77,2831.69,1086.43,2331.54,-1184.09
15/7/2026,17:10:29,585.69,-40.53,842.04,1026.5,2375.26,-2185.06,-915.53,170.9
15/7/2026,17:10:29,593.75,-13.67,857.18,1042.82,1593.15,402.83,1342.77,756.84
15/7/2026,17:10:29,633.54,-75.44,821.53,1040.19,4083.32,1989.75,-3088.38,-1782.23
15/7/2026,17:10:29,590.58,-32.23,835.94,1024.02,3130.95,-2148.44,2160.64,720.21
15/7/2026,17:10:29,657.47,0.73,812.99,1045.57,3901.23,3344.73,1647.95,-1147.46
15/7/2026,17:10:29,598.88,-37.35,856.69,1045.93,4121.15,-2929.69,-1904.3,2185.06
15/7/2026,17:10:29,587.4,-72.27,843.02,1030.02,1960.51,-573.73,-1745.61,-683.59
15/7/2026,17:10:29,573.73,-45.9,828.86,1009.1,1645.19,-683.59,1318.36,-708.01
15/7/2026,17:10:29,627.44,-25.39,818.6,1031.72,2920.01,2685.55,1025.39,-512.69
15/7/2026,17:10:29,647.71,-4.88,819.34,1044.44,1441.98,1013.18,1025.39,36.62
15/7/2026,17:10:29,603.76,-33.94,830.81,1027.58,2695.79,-2197.27,-1452.64,573.73
15/7/2026,17:10:29,589.36,-50.29,824.95,1015.09,1128.47,-720.21,-817.87,-292.97
15/7/2026,17:10:29,589.84,-64.21,826.42,1017.35,700.07,24.41,-695.8,73.24
15/7/2026,17:10:29,590.33,-10.74,809.57,1002,2803,24.41,2673.34,-842.29
15/7/2026,17:10:29,649.66,-12.7,839.6,1061.67,3326.1,2966.31,-97.66,1501.46
15/7/2026,17:10:29,629.39,-29.05,808.35,1024.9,2033.93,-1013.18,-817.87,-1562.5
15/7/2026,17:10:29,522.46,-62.5,831.3,983.83,5718.43,-5346.68,-1672.36,1147.46
15/7/2026,17:10:29,494.14,-113.04,739.01,896.15,5448.07,-1416.02,-2526.86,-4614.26
15/7/2026,17:10:29,719.24,-29.54,710.69,1011.56,12087.45,11254.88,4174.8,-1416.02
15/7/2026,17:10:29,551.03,202.15,627.44,859.17,14908.59,-8410.64,11584.47,-4162.6
15/7/2026,17:10:29,129.39,45.9,669.68,683.61,22581.55,-21081.54,-7812.5,2111.82
15/7/2026,17:10:29,435.79,140.62,1494.14,1562.74,44232.09,15319.82,4736.33,41223.14
15/7/2026,17:10:29,692.38,-515.62,515.87,1005.68,60280.98,12829.59,-32812.5,-48913.57
15/7/2026,17:10:29,1747.07,131.1,479.49,1816.41,61885.92,52734.37,32336.43,-1818.85
15/7/2026,17:10:29,1011.47,246.83,663.57,1234.64,38352.93,-36779.79,5786.13,9204.1
15/7/2026,17:10:29,735.84,-300.05,607.18,1000.08,30750.1,-13781.74,-27343.75,-2819.82
15/7/2026,17:10:29,732.67,-149.41,539.55,922.08,8257.47,-158.69,7531.74,-3381.35
15/7/2026,17:10:29,755.37,139.16,468.99,899.95,14897.05,1135.25,14428.71,-3527.83
15/7/2026,17:10:29,-208.98,35.89,405.52,457.61,48597.21,-48217.77,-5163.57,-3173.83
15/7/2026,17:10:29,-488.28,-383.06,541.75,823.8,26080.68,-13964.84,-20947.27,6811.52
15/7/2026,17:10:29,-83.25,-535.89,-81.54,548.41,37943.97,20251.46,-7641.6,-31164.55
15/7/2026,17:10:29,1163.33,465.33,-1254.15,1772.78,99139.02,62329.1,50061.04,-58630.37
15/7/2026,17:10:29,1186.28,722.9,-861.57,1634.67,23504.56,1147.46,12878.42,19628.91
15/7/2026,17:10:29,1999.94,998.29,-794.43,2372.23,43081.02,40682.98,13769.53,3356.93
15/7/2026,17:10:29,692.14,-468.99,-427.25,938.91,99976.17,-65390.02,-73364.25,18359.37
15/7/2026,17:10:29,1247.56,-1128.42,-511.96,1758.36,43315.93,27771,-32971.19,-4235.84
15/7/2026,17:10:29,803.22,-195.8,-180.66,846.25,54244.08,-22216.8,46630.86,16564.94
15/7/2026,17:10:29,558.84,687.01,-161.38,900.18,45810.86,-12219.24,44140.62,964.36
15/7/2026,17:10:29,1124.02,125.73,-304.69,1171.35,40466.25,28259.28,-28063.96,-7165.53
15/7/2026,17:10:29,1154.54,31.98,-366.46,1211.72,5817.13,1525.88,-4687.5,-3088.38
15/7/2026,17:10:30,898.93,41.99,-227.05,928.11,14566.48,-12780.76,500.49,6970.21
15/7/2026,17:10:30,1026.86,-188.72,-307.37,1088.36,13788.23,6396.48,-11535.64,-4016.11
15/7/2026,17:10:30,1005.62,-91.06,-297.12,1052.54,5023.2,-1062.01,4882.81,512.7
15/7/2026,17:10:30,852.78,127.2,-199.22,884.93,14193.33,-7641.6,10913.09,4895.02
15/7/2026,17:10:30,959.23,67.87,-259.77,996.09,6803.7,5322.27,-2966.31,-3027.34
15/7/2026,17:10:30,1081.05,-58.11,-342.04,1135.36,9680,6091.31,-6298.83,-4113.77
15/7/2026,17:10:30,985.11,31.01,-283.2,1025.48,7177.85,-4797.37,4455.57,2941.89
15/7/2026,17:10:30,955.57,19.53,-260.99,990.76,1935.15,-1477.04,-573.73,1110.84
15/7/2026,17:10:30,977.78,-13.18,-283.69,1018.19,2280,1110.84,-1635.74,-1135.25
15/7/2026,17:10:30,936.04,21.24,-256.59,970.8,3025.84,-2087.41,1721.19,1354.98
15/7/2026,17:10:30,977.78,5.62,-283.2,1017.99,2595.77,2087.41,-781.25,-1330.57
15/7/2026,17:10:30,1018.31,-1.22,-302.49,1062.29,2270.02,2026.37,-341.8,-964.36
15/7/2026,17:10:30,971.92,37.84,-276.37,1011.16,3301.52,-2319.34,1953.13,1306.15
15/7/2026,17:10:30,961.67,25.88,-272.46,999.86,811.65,-512.7,-598.14,195.31
15/7/2026,17:10:30,968.26,2.44,-281.25,1008.28,1294.23,329.59,-1171.88,-439.45
15/7/2026,17:10:30,968.99,7.32,-275.15,1007.33,392.53,36.62,244.14,305.18
15/7/2026,17:10:30,985.35,16.11,-291.26,1027.62,1229.28,817.87,439.45,-805.66
15/7/2026,17:10:30,985.11,19.78,-289.31,1026.9,207.88,-12.21,183.11,97.66
15/7/2026,17:10:30,965.33,23.44,-276.86,1004.52,1182.69,-988.76,183.11,622.56
15/7/2026,17:10:30,973.14,13.43,-279.54,1012.59,648.93,390.62,-500.49,-134.28
15/7/2026,17:10:30,979,10.74,-282.47,1019,354,292.97,-134.28,-146.48
15/7/2026,17:10:30,974.37,13.92,-277.1,1013.1,388.71,-231.93,158.69,268.55
15/7/2026,17:10:30,973.63,17.58,-287.6,1015.37,557.13,-36.62,183.11,-524.9
15/7/2026,17:10:30,977.05,21,-284.18,1017.76,296,170.9,170.9,170.9
15/7/2026,17:10:30,972.9,13.43,-287.84,1014.68,468.82,-207.52,-378.42,-183.11
15/7/2026,17:10:30,979.25,15.63,-287.84,1020.8,335.86,317.38,109.86,0
15/7/2026,17:10:30,973.39,18.8,-287.11,1015.02,335.19,-292.97,158.69,36.62
15/7/2026,17:10:30,970.7,21.24,-280.76,1010.71,365.6,-134.28,122.07,317.38
15/7/2026,17:10:30,974.85,17.09,-289.31,1017.02,518.33,207.52,-207.52,-427.25
15/7/2026,17:10:30,973.63,21,-286.13,1015.02,258.95,-61.04,195.31,158.69
15/7/2026,17:10:30,973.14,23.93,-292.48,1016.43,350.41,-24.41,146.48,-317.38
15/7/2026,17:10:30,973.88,22.95,-294.19,1017.6,105.01,36.62,-48.83,-85.45
15/7/2026,17:10:30,973.39,15.38,-283.69,1014,647.55,-24.41,-378.42,524.9
15/7/2026,17:10:30,970.7,25.15,-285.64,1012.17,515.74,-134.28,488.28,-97.66
15/7/2026,17:10:30,963.38,14.16,-280.76,1003.56,703.89,-366.21,-549.32,244.14
15/7/2026,17:10:30,922.12,-46.63,-275.88,963.63,3681.63,-2062.99,-3039.55,244.14
15/7/2026,17:10:30,957.52,20.02,-279.3,997.62,3777.28,1770.02,3332.52,-170.9
15/7/2026,17:10:30,1072.02,136.23,-334.72,1131.29,8614.96,5725.09,5810.55,-2771
15/7/2026,17:10:30,999.27,56.4,-306.15,1046.64,5586.26,-3637.7,-3991.7,1428.22
15/7/2026,17:10:30,932.86,2.69,-274.17,972.32,4560.02,-3320.31,-2685.55,1599.12
15/7/2026,17:10:30,931.88,-15.38,-281.25,973.52,971.44,-48.83,-903.32,-354
15/7/2026,17:10:30,964.36,23.19,-295.65,1008.93,2621.93,1623.54,1928.71,-720.21
15/7/2026,17:10:30,1014.16,82.76,-312.01,1064.29,3967.58,2490.23,2978.52,-817.87
15/7/2026,17:10:30,1010.25,36.38,-315.43,1058.98,2333.81,-195.31,-2319.34,-170.9
15/7/2026,17:10:30,947.27,1.46,-288.57,990.25,3843.05,-3149.42,-1745.61,1342.77
15/7/2026,17:10:30,912.35,-14.4,-284.18,955.7,1930.02,-1745.6,-793.46,219.73
15/7/2026,17:10:30,949.46,9.52,-279.54,989.8,2219.83,1855.47,1196.29,231.93
15/7/2026,17:10:30,1039.06,80.57,-322.27,1090.87,6103.45,4479.98,3552.25,-2136.23
15/7/2026,17:10:30,989.75,41.75,-303.96,1036.21,3268.89,-2465.82,-1940.92,915.53
15/7/2026,17:10:30,988.77,-10.01,-307.86,1035.64,2595.71,-48.83,-2587.89,-195.31
15/7/2026,17:10:30,945.07,-69.82,-304.93,995.5,3706.8,-2185.06,-2990.72,146.48
15/7/2026,17:10:31,860.35,-15.87,-243.65,894.33,5882.86,-4235.84,2697.75,3063.96
15/7/2026,17:10:31,1002.2,23.44,-307.37,1048.54,8019.59,7092.28,1965.33,-3186.04
15/7/2026,17:10:31,1036.13,92.77,-323.24,1089.34,3940.47,1696.78,3466.8,-793.46
15/7/2026,17:10:31,997.31,97.9,-305.91,1047.76,2141.04,-1940.92,256.35,866.7
15/7/2026,17:10:31,984.13,5.62,-306.64,1030.81,4661.25,-659.18,-4614.26,-36.62
15/7/2026,17:10:31,931.15,-11.72,-276.12,971.3,3177.46,-2648.93,-866.7,1525.88
15/7/2026,17:10:31,933.84,-2.2,-275.63,973.67,495.25,134.28,476.07,24.41
15/7/2026,17:10:31,985.35,15.63,-304.44,1031.43,3082.7,2575.68,891.11,-1440.43
15/7/2026,17:10:31,988.28,46.63,-297.85,1033.24,1591.7,146.48,1550.29,329.59
15/7/2026,17:10:31,981.2,52.25,-300.54,1027.53,471.36,-354.01,280.76,-134.28
15/7/2026,17:10:31,974.12,18.8,-297.12,1018.6,1717.94,-354,-1672.36,170.9
15/7/2026,17:10:31,954.59,11.72,-288.82,997.39,1118.59,-976.56,-354,415.04
15/7/2026,17:10:31,963.13,14.89,-294.43,1007.24,535.3,427.24,158.69,-280.76
15/7/2026,17:10:31,979.49,30.03,-299.07,1024.57,1138.2,817.87,756.84,-231.93
15/7/2026,17:10:31,973.39,37.84,-300.54,1019.43,501.08,-305.18,390.62,-73.24
15/7/2026,17:10:31,974.37,26.61,-299.32,1019.65,566.94,48.83,-561.52,61.04
15/7/2026,17:10:31,967.29,20.02,-291.5,1010.45,621.72,-354,-329.59,390.62
15/7/2026,17:10:31,968.51,20.26,-293.46,1012.19,115.8,61.03,12.21,-97.66
15/7/2026,17:10:31,971.68,28.32,-296.87,1016.41,465.47,158.69,402.83,-170.9
15/7/2026,17:10:31,970.46,27.34,-299.8,1016.08,166.03,-61.04,-48.83,-146.48
15/7/2026,17:10:31,971.19,31.49,-296.63,1015.97,263.8,36.62,207.52,158.69
15/7/2026,17:10:31,967.29,27.59,-292.72,1010.98,338.29,-195.31,-195.31,195.31
15/7/2026,17:10:31,969.48,25.39,-296.14,1014.02,230.97,109.86,-109.86,-170.9
15/7/2026,17:10:31,969.48,25.88,-299.07,1014.89,148.5,0,24.41,-146.48
15/7/2026,17:10:31,971.19,26.61,-292.24,1014.56,354.21,85.45,36.62,341.8
15/7/2026,17:10:31,967.29,23.93,-299.07,1012.75,415.93,-195.31,-134.28,-341.8
15/7/2026,17:10:31,968.26,27.1,-291.99,1011.69,391.01,48.83,158.69,354
15/7/2026,17:10:31,970.46,21.24,-301.51,1016.44,569.69,109.86,-292.97,-476.07
15/7/2026,17:10:31,971.19,25.63,-296.39,1015.73,339.61,36.62,219.73,256.35
15/7/2026,17:10:31,972.9,23.44,-300.05,1018.39,230,85.45,-109.86,-183.11
15/7/2026,17:10:31,969.73,26.37,-295.9,1014.21,299.51,-158.69,146.48,207.52
15/7/2026,17:10:31,970.7,27.83,-297.12,1015.54,107.12,48.83,73.24,-61.04
15/7/2026,17:10:31,966.8,22.22,-291.75,1010.1,434.85,-195.31,-280.76,268.55
15/7/2026,17:10:31,966.06,23.93,-297.85,1011.22,319.02,-36.62,85.45,-305.18
15/7/2026,17:10:31,967.29,26.86,-296.14,1011.96,180.24,61.04,146.48,85.45
15/7/2026,17:10:31,969.48,28.81,-298.83,1014.9,199.09,109.86,97.66,-134.28
15/7/2026,17:10:31,970.95,28.32,-298.1,1016.07,85.45,73.24,-24.41,36.62
15/7/2026,17:10:31,970.7,26.37,-299.8,1016.29,130.34,-12.21,-97.66,-85.45
15/7/2026,17:10:31,972.41,25.15,-297.85,1017.32,143.4,85.45,-61.04,97.66
15/7/2026,17:10:31,971.68,26.37,-294.68,1015.72,173.92,-36.62,61.04,158.69
15/7/2026,17:10:31,969.73,28.08,-295.65,1014.18,138.65,-97.66,85.45,-48.83
15/7/2026,17:10:31,970.46,30.52,-299.07,1015.96,213.19,36.62,122.07,-170.9
15/7/2026,17:10:31,967.77,28.08,-300.05,1013.61,187.92,-134.27,-122.07,-48.83
15/7/2026,17:10:31,966.31,26.61,-295.17,1010.73,265.2,-73.24,-73.24,244.14
15/7/2026,17:10:31,968.02,30.03,-294.19,1012.18,197.21,85.45,170.9,48.83
15/7/2026,17:10:31,971.19,28.81,-292.24,1014.62,196.07,158.69,-61.04,97.66
15/7/2026,17:10:31,974.85,27.59,-300.78,1020.57,468.82,183.11,-61.04,-427.25
15/7/2026,17:10:31,969.73,25.63,-302.25,1016.06,283.93,-256.35,-97.66,-73.24
15/7/2026,17:10:31,970.95,31.98,-300.29,1016.83,337.63,61.04,317.38,97.66
15/7/2026,17:10:31,968.51,29.79,-302,1014.94,185.13,-122.07,-109.86,-85.45
15/7/2026,17:10:32,970.7,33.45,-292.24,1014.29,532.93,109.86,183.11,488.28
15/7/2026,17:10:32,969.97,27.1,-299.8,1015.61,495.25,-36.62,-317.38,-378.42
15/7/2026,17:10:32,969.48,29.05,-300.29,1015.34,103.58,-24.41,97.66,-24.41
15/7/2026,17:10:32,966.8,28.32,-307.37,1014.88,380.38,-134.27,-36.62,-354
15/7/2026,17:10:32,966.55,28.56,-299.56,1012.31,391.01,-12.21,12.21,390.62
15/7/2026,17:10:32,964.84,26.61,-301.76,1011.28,170.02,-85.45,-97.66,-109.86
15/7/2026,17:10:32,970.7,30.03,-296.63,1015.46,425.15,292.97,170.9,256.35
15/7/2026,17:10:32,970.46,28.08,-294.92,1014.67,130.34,-12.21,-97.66,85.45
15/7/2026,17:10:32,967.53,29.3,-300.05,1013.41,301.49,-146.48,61.04,-256.35
15/7/2026,17:10:32,967.53,30.03,-296.87,1012.5,162.86,0,36.62,158.69
15/7/2026,17:10:32,968.75,30.03,-299.56,1014.45,147.5,61.04,0,-134.28
15/7/2026,17:10:32,965.58,27.59,-297.12,1010.63,234.49,-158.69,-122.07,122.07
15/7/2026,17:10:32,970.21,27.59,-300.05,1015.93,274.32,231.93,0,-146.48
15/7/2026,17:10:32,972.66,31.01,-300.54,1018.5,211.43,122.07,170.9,-24.41
15/7/2026,17:10:32,971.19,26.12,-303.96,1017.98,306.88,-73.24,-244.14,-170.9
15/7/2026,17:10:32,970.7,29.54,-300.29,1016.52,251.65,-24.41,170.9,183.11
15/7/2026,17:10:32,970.95,29.05,-302.73,1017.46,125.08,12.21,-24.41,-122.07
15/7/2026,17:10:32,965.82,26.86,-296.87,1010.77,404.49,-256.34,-109.86,292.97
15/7/2026,17:10:32,968.51,31.01,-294.43,1012.75,275.67,134.27,207.52,122.07
15/7/2026,17:10:32,968.51,30.03,-298.83,1014,225.09,0,-48.83,-219.73
15/7/2026,17:10:32,968.99,27.83,-298.83,1014.41,112.54,24.41,-109.86,0
15/7/2026,17:10:32,966.55,29.54,-294.68,1010.91,255.47,-122.07,85.45,207.52
